rating,review_count,price_level,open_now,hours_until_close,travel_time_minutes,purpose,chosen
4.8,1240,MODERATE,1,5.8,7.2,STUDY,1
4.5,860,INEXPENSIVE,1,3.4,11.5,STUDY,1
4.2,3210,MODERATE,1,2.8,14.1,STUDY,1
4.7,540,INEXPENSIVE,1,4.6,9.3,STUDY,1
4.1,2100,MODERATE,1,2.3,18.4,STUDY,1
3.8,760,EXPENSIVE,1,1.2,6.5,STUDY,0
4,4320,MODERATE,0,4.9,8.1,STUDY,0
4.9,95,EXPENSIVE,1,1.4,22.7,STUDY,0
3.6,1880,INEXPENSIVE,1,0.9,13.6,STUDY,0
4.3,315,MODERATE,0,7.1,5.2,STUDY,0
4.6,1780,MODERATE,1,6.2,8.4,WORK,1
4.9,940,INEXPENSIVE,1,5.1,12.2,WORK,1
4.4,2670,MODERATE,1,4.7,15.6,WORK,1
4.7,420,INEXPENSIVE,1,7.3,9.8,WORK,1
4.2,3500,MODERATE,1,3.9,13.4,WORK,1
4.8,510,EXPENSIVE,1,8.2,28.6,WORK,0
3.9,1460,INEXPENSIVE,0,6.4,7.1,WORK,0
4.1,220,MODERATE,1,1.1,10.4,WORK,0
3.7,3980,INEXPENSIVE,1,2,17.8,WORK,0
4.5,1100,EXPENSIVE,1,4.5,19.5,WORK,0
4.7,2140,MODERATE,1,4.2,14.6,MEETING,1
4.9,680,INEXPENSIVE,1,5.7,18.3,MEETING,1
4.4,3520,MODERATE,1,3.8,11.2,MEETING,1
4.6,510,INEXPENSIVE,1,2.9,16.7,MEETING,1
4.3,2810,MODERATE,1,6.4,20.1,MEETING,1
4.1,970,MODERATE,1,5.1,12.8,MEETING,0
4.8,430,EXPENSIVE,0,3.2,8.5,MEETING,0
4,2640,INEXPENSIVE,1,1.7,9.4,MEETING,0
4.2,145,EXPENSIVE,1,2.4,25.2,MEETING,0
3.7,4890,MODERATE,1,4.9,17.5,MEETING,0
4.5,1870,INEXPENSIVE,1,2.6,6.8,QUICK COFFEE,1
4.2,760,MODERATE,1,1.1,4.3,QUICK COFFEE,1
4.7,3210,INEXPENSIVE,1,0.8,8.7,QUICK COFFEE,1
4,540,MODERATE,1,5.5,9.2,QUICK COFFEE,1
4.8,410,EXPENSIVE,1,1.9,11.4,QUICK COFFEE,1
4.9,2680,MODERATE,0,4.8,3.7,QUICK COFFEE,0
3.8,980,INEXPENSIVE,1,2.4,18.6,QUICK COFFEE,0
4.3,120,EXPENSIVE,1,0.7,15.9,QUICK COFFEE,0
3.9,3440,MODERATE,1,1.3,12.7,QUICK COFFEE,0
4.1,690,INEXPENSIVE,0,3.6,7.1,QUICK COFFEE,0
4.9,2850,MODERATE,1,4.8,16.2,SOCIAL,1
4.7,940,EXPENSIVE,1,5.9,19.4,SOCIAL,1
4.6,1630,MODERATE,1,3.7,12.8,SOCIAL,1
4.8,420,INEXPENSIVE,1,6.2,21.5,SOCIAL,1
4.5,3510,EXPENSIVE,1,4.1,24.3,SOCIAL,1
4.3,780,INEXPENSIVE,1,1.5,10.8,SOCIAL,0
4.1,2420,MODERATE,0,6.7,14.2,SOCIAL,0
4.8,180,EXPENSIVE,0,5.4,9.6,SOCIAL,0
3.9,3180,INEXPENSIVE,1,2.2,18.9,SOCIAL,0
4.4,620,MODERATE,1,1.8,31.2,SOCIAL,0
4.7,1320,INEXPENSIVE,1,6.8,10.2,RELAX,1
4.9,820,MODERATE,1,5.4,15.7,RELAX,1
4.5,2940,INEXPENSIVE,1,4.3,12.6,RELAX,1
4.6,510,MODERATE,1,7.1,19.3,RELAX,1
4.8,1730,EXPENSIVE,1,5.8,17.4,RELAX,1
4.2,360,INEXPENSIVE,1,1.4,9.8,RELAX,0
4.7,4100,EXPENSIVE,0,6.3,13.5,RELAX,0
4,1250,MODERATE,1,2.1,25.7,RELAX,0
3.8,870,INEXPENSIVE,1,4.9,18.2,RELAX,0
4.3,2250,MODERATE,1,1.7,30.4,RELAX,0
4.6,1460,MODERATE,1,3.6,8.1,STUDY,1
4.3,720,INEXPENSIVE,1,5.2,12.8,STUDY,1
4.9,3850,MODERATE,1,2.7,10.6,STUDY,1
4.4,210,INEXPENSIVE,1,4.1,16.3,STUDY,1
4.7,2760,MODERATE,1,3.1,19.2,STUDY,1
4,690,MODERATE,1,1.1,7.4,STUDY,0
4.5,4510,EXPENSIVE,0,5.8,11.9,STUDY,0
3.7,1340,INEXPENSIVE,1,0.6,9.5,STUDY,0
4.2,380,MODERATE,1,1.9,24.1,STUDY,0
3.9,2170,INEXPENSIVE,0,3.5,6.9,STUDY,0
4.8,2160,MODERATE,1,7.4,13.5,WORK,1
4.5,810,INEXPENSIVE,1,4.8,10.1,WORK,1
4.7,3020,MODERATE,1,6.1,17.2,WORK,1
4.3,540,INEXPENSIVE,1,5.5,14.8,WORK,1
4.9,1870,MODERATE,1,8.3,20.4,WORK,1
4.4,260,EXPENSIVE,1,6.9,9.2,WORK,0
4,4120,MODERATE,0,7.8,12.7,WORK,0
4.2,930,INEXPENSIVE,1,2.3,8.6,WORK,0
3.8,1490,MODERATE,1,3.4,22.1,WORK,0
4.6,670,EXPENSIVE,1,1.5,15.4,WORK,0
4.9,2780,MODERATE,1,5.2,13.1,MEETING,1
4.5,640,INEXPENSIVE,1,4.6,17.9,MEETING,1
4.8,1930,MODERATE,1,3.4,21.6,MEETING,1
4.3,870,INEXPENSIVE,1,6.1,12.4,MEETING,1
4.6,3120,MODERATE,1,4.9,19.3,MEETING,1
4.4,510,EXPENSIVE,1,2.1,10.7,MEETING,0
4.7,2240,MODERATE,0,5.6,15.2,MEETING,0
4.1,980,INEXPENSIVE,1,3.7,29.1,MEETING,0
3.9,3520,MODERATE,1,5,14.6,MEETING,0
4.2,130,EXPENSIVE,1,1.8,18.4,MEETING,0
4.7,1920,INEXPENSIVE,1,0.9,5.4,QUICK COFFEE,1
4.3,640,MODERATE,1,2.2,7.8,QUICK COFFEE,1
4.9,3480,INEXPENSIVE,1,1.5,3.9,QUICK COFFEE,1
4.1,870,MODERATE,1,4.8,9.7,QUICK COFFEE,1
4.6,280,EXPENSIVE,1,0.6,8.2,QUICK COFFEE,1
4.8,1650,MODERATE,0,3.2,4.6,QUICK COFFEE,0
4,720,INEXPENSIVE,1,5.7,13.8,QUICK COFFEE,0
4.4,4120,EXPENSIVE,1,1.1,16.4,QUICK COFFEE,0
3.7,960,MODERATE,1,0.8,11.2,QUICK COFFEE,0
4.2,510,INEXPENSIVE,0,2.6,6.3,QUICK COFFEE,0
4.8,2760,MODERATE,1,5.6,18.7,SOCIAL,1
4.6,830,EXPENSIVE,1,4.9,15.3,SOCIAL,1
4.9,1540,MODERATE,1,3.8,22.4,SOCIAL,1
4.5,3910,INEXPENSIVE,1,6.4,20.1,SOCIAL,1
4.7,620,EXPENSIVE,1,5.1,27.3,SOCIAL,1
4.4,1170,MODERATE,0,4.6,13.8,SOCIAL,0
4.2,2870,INEXPENSIVE,1,1.2,16.5,SOCIAL,0
4.9,340,EXPENSIVE,0,7.3,18.9,SOCIAL,0
3.8,4600,MODERATE,1,2.7,12.2,SOCIAL,0
4.3,780,INEXPENSIVE,1,1.6,29.7,SOCIAL,0
4.9,1870,MODERATE,1,6.5,14.2,RELAX,1
4.6,930,INEXPENSIVE,1,4.8,11.8,RELAX,1
4.8,3260,MODERATE,1,7.6,20.5,RELAX,1
4.4,510,INEXPENSIVE,1,5.3,16.9,RELAX,1
4.7,2410,MODERATE,1,4.1,23.2,RELAX,1
4.2,680,EXPENSIVE,1,2.2,12.4,RELAX,0
4.8,3700,MODERATE,0,5.9,18.1,RELAX,0
4.1,1540,INEXPENSIVE,1,1.3,27.6,RELAX,0
3.9,830,MODERATE,1,3.4,19.8,RELAX,0
4.5,2190,EXPENSIVE,1,1.9,14.5,RELAX,0
4.5,1180,INEXPENSIVE,1,4.9,9.1,STUDY,1
4.8,2640,MODERATE,1,6.7,15.2,STUDY,1
4.2,510,INEXPENSIVE,1,3.2,6.8,STUDY,1
4.7,3210,MODERATE,1,2.4,17.1,STUDY,1
4.4,740,INEXPENSIVE,1,5.5,20.3,STUDY,1
4.9,190,EXPENSIVE,1,2,7.2,STUDY,0
3.9,2760,MODERATE,0,5.4,10.4,STUDY,0
4.1,860,INEXPENSIVE,1,1,15.9,STUDY,0
3.6,4420,MODERATE,1,2.8,12.7,STUDY,0
4.3,330,EXPENSIVE,0,4.6,5.8,STUDY,0
4.7,2080,MODERATE,1,5.9,12.4,WORK,1
4.9,720,INEXPENSIVE,1,7.1,16.8,WORK,1
4.4,3310,MODERATE,1,4.4,11.3,WORK,1
4.6,480,INEXPENSIVE,1,6.3,18.2,WORK,1
4.8,1450,MODERATE,1,5.2,21.7,WORK,1
4.2,610,EXPENSIVE,1,8,27.4,WORK,0
4,3940,MODERATE,0,4.9,9.7,WORK,0
4.5,1020,INEXPENSIVE,1,2.1,14.5,WORK,0
3.8,2680,MODERATE,1,3.7,19.6,WORK,0
4.3,360,EXPENSIVE,1,1.4,12.1,WORK,0
4.8,1670,MODERATE,1,4.7,16.4,MEETING,1
4.4,890,INEXPENSIVE,1,5.3,14.8,MEETING,1
4.9,2540,MODERATE,1,6.1,22.7,MEETING,1
4.6,430,INEXPENSIVE,1,3.9,18.2,MEETING,1
4.3,3180,MODERATE,1,4.5,11.7,MEETING,1
4.2,690,MODERATE,1,5.8,10.3,MEETING,0
4.7,2750,EXPENSIVE,0,4.2,16.1,MEETING,0
4,1210,INEXPENSIVE,1,2.9,13.4,MEETING,0
4.5,260,MODERATE,1,1.6,27.8,MEETING,0
3.8,4070,INEXPENSIVE,1,4.8,20.5,MEETING,0
4.6,1540,INEXPENSIVE,1,2.8,6.1,QUICK COFFEE,1
4.2,730,MODERATE,1,0.7,5.2,QUICK COFFEE,1
4.8,2870,INEXPENSIVE,1,3.4,9.1,QUICK COFFEE,1
4.4,510,MODERATE,1,1.2,7.6,QUICK COFFEE,1
4.9,360,EXPENSIVE,1,0.5,10.3,QUICK COFFEE,1
4.5,2100,MODERATE,0,4.9,5.9,QUICK COFFEE,0
3.9,820,INEXPENSIVE,1,2.7,14.2,QUICK COFFEE,0
4.1,3290,MODERATE,1,0.9,18.6,QUICK COFFEE,0
4.7,180,EXPENSIVE,1,1.8,12.5,QUICK COFFEE,0
3.8,960,INEXPENSIVE,0,5.1,8.4,QUICK COFFEE,0
4.7,2430,MODERATE,1,4.3,17.6,SOCIAL,1
4.9,680,EXPENSIVE,1,6.8,23.1,SOCIAL,1
4.5,3190,INEXPENSIVE,1,5.2,14.9,SOCIAL,1
4.8,920,MODERATE,1,3.5,20.7,SOCIAL,1
4.6,1740,EXPENSIVE,1,4.7,26.4,SOCIAL,1
4.3,530,INEXPENSIVE,1,1.1,8.8,SOCIAL,0
4,3680,MODERATE,0,6.1,15.7,SOCIAL,0
4.7,240,EXPENSIVE,0,5.5,19.6,SOCIAL,0
3.9,1250,MODERATE,1,2.4,21.3,SOCIAL,0
4.2,2970,INEXPENSIVE,1,1.9,30.2,SOCIAL,0
4.8,2140,MODERATE,1,5.7,13.8,RELAX,1
4.5,760,INEXPENSIVE,1,4.4,17.1,RELAX,1
4.9,2860,MODERATE,1,7.2,21.8,RELAX,1
4.6,420,INEXPENSIVE,1,6.1,12.7,RELAX,1
4.7,3910,MODERATE,1,4.8,25.4,RELAX,1
4.1,820,EXPENSIVE,1,3.1,14.5,RELAX,0
4.8,1750,MODERATE,0,6.9,11.2,RELAX,0
4,2480,INEXPENSIVE,1,1.7,23.6,RELAX,0
3.7,630,MODERATE,1,4.2,19.4,RELAX,0
4.4,3320,EXPENSIVE,1,2,16.3,RELAX,0
4.6,890,INEXPENSIVE,1,3.8,7.5,STUDY,1
4.9,2310,MODERATE,1,5.9,12.6,STUDY,1
4.3,470,INEXPENSIVE,1,2.7,10.1,STUDY,1
4.8,3460,MODERATE,1,4.5,18.8,STUDY,1
4.5,720,INEXPENSIVE,1,6.2,16.4,STUDY,1
4,1640,EXPENSIVE,1,3.1,5.9,STUDY,0
4.4,3890,MODERATE,0,7,13.2,STUDY,0
3.7,810,INEXPENSIVE,1,1.2,11.8,STUDY,0
4.2,260,MODERATE,1,2.1,26.4,STUDY,0
3.9,4710,INEXPENSIVE,0,4,8.6,STUDY,0
4.9,1450,MODERATE,1,6.4,14.7,WORK,1
4.6,620,INEXPENSIVE,1,5.7,12.3,WORK,1
4.8,2710,MODERATE,1,7.2,19.8,WORK,1
4.4,390,INEXPENSIVE,1,4.9,10.6,WORK,1
4.7,3320,MODERATE,1,5.3,23.5,WORK,1
4.5,720,EXPENSIVE,1,6.8,29.2,WORK,0
4,4100,MODERATE,0,8.1,14.1,WORK,0
4.2,860,INEXPENSIVE,1,2.5,11.7,WORK,0
3.9,1870,MODERATE,1,3.2,24.6,WORK,0
4.6,520,EXPENSIVE,1,1.7,18.5,WORK,0
4.7,2630,MODERATE,1,5.1,15.9,MEETING,1
4.9,730,INEXPENSIVE,1,4.8,19.2,MEETING,1
4.5,3410,MODERATE,1,6.2,17.6,MEETING,1
4.8,490,INEXPENSIVE,1,3.6,12.9,MEETING,1
4.4,1890,MODERATE,1,5.5,24.1,MEETING,1
4.3,420,MODERATE,1,2.2,15.7,MEETING,0
4.9,2800,EXPENSIVE,0,6.3,13.8,MEETING,0
4.1,1040,INEXPENSIVE,1,3.1,28.4,MEETING,0
4.6,180,MODERATE,1,1.4,22.7,MEETING,0
3.9,4550,INEXPENSIVE,1,4.1,18.6,MEETING,0
4.8,1620,INEXPENSIVE,1,1.7,5.8,QUICK COFFEE,1
4.3,690,MODERATE,1,0.9,6.4,QUICK COFFEE,1
4.7,2870,INEXPENSIVE,1,2.5,8.9,QUICK COFFEE,1
4.1,340,MODERATE,1,4.7,9.6,QUICK COFFEE,1
4.9,510,EXPENSIVE,1,0.8,11.1,QUICK COFFEE,1
4.6,2250,MODERATE,0,3.8,4.9,QUICK COFFEE,0
3.8,970,INEXPENSIVE,1,1.6,13.7,QUICK COFFEE,0
4.2,3100,MODERATE,1,0.7,17.2,QUICK COFFEE,0
4.5,130,EXPENSIVE,1,1.2,14.4,QUICK COFFEE,0
3.9,860,INEXPENSIVE,0,2.9,8.1,QUICK COFFEE,0
4.9,2730,MODERATE,1,5.8,18.9,SOCIAL,1
4.6,810,EXPENSIVE,1,4.6,21.4,SOCIAL,1
4.8,1690,INEXPENSIVE,1,6.7,16.3,SOCIAL,1
4.5,3420,MODERATE,1,3.9,24.6,SOCIAL,1
4.7,590,EXPENSIVE,1,5.4,28.1,SOCIAL,1
4.4,920,MODERATE,1,1.8,11.3,SOCIAL,0
4,3010,INEXPENSIVE,0,5.2,17.4,SOCIAL,0
4.8,260,EXPENSIVE,0,4.9,20.8,SOCIAL,0
3.7,1460,MODERATE,1,2.5,15.9,SOCIAL,0
4.2,2760,INEXPENSIVE,1,1.3,32.4,SOCIAL,0
4.7,1910,MODERATE,1,6.1,16.7,RELAX,1
4.9,840,INEXPENSIVE,1,5.5,13.4,RELAX,1
4.5,3260,MODERATE,1,4.7,21.2,RELAX,1
4.8,470,INEXPENSIVE,1,7.4,18.6,RELAX,1
4.6,2580,MODERATE,1,5.2,24.7,RELAX,1
4.2,730,EXPENSIVE,1,2.4,10.9,RELAX,0
4.9,3940,MODERATE,0,6.8,16.1,RELAX,0
4,1820,INEXPENSIVE,1,1.5,26.8,RELAX,0
3.8,910,MODERATE,1,3.6,20.3,RELAX,0
4.4,2870,EXPENSIVE,1,2.1,15.4,RELAX,0
4.5,1360,INEXPENSIVE,1,4.2,8.7,STUDY,1
4.8,2190,MODERATE,1,6.4,13.9,STUDY,1
4.1,580,INEXPENSIVE,1,3.5,9.8,STUDY,1
4.7,3180,MODERATE,1,2.9,15.7,STUDY,1
4.6,430,INEXPENSIVE,1,5.7,19.6,STUDY,1
4.9,240,EXPENSIVE,1,1.3,6.1,STUDY,0
3.8,4210,MODERATE,0,5.9,12.8,STUDY,0
4.2,980,INEXPENSIVE,1,0.8,17.3,STUDY,0
3.7,670,MODERATE,1,2.2,23.4,STUDY,0
4.3,3490,EXPENSIVE,0,4.7,7.5,STUDY,0
4.8,2140,MODERATE,1,5.6,11.8,WORK,1
4.5,780,INEXPENSIVE,1,7.4,15.9,WORK,1
4.9,2910,MODERATE,1,6.1,20.4,WORK,1
4.3,520,INEXPENSIVE,1,4.8,9.7,WORK,1
4.7,3690,MODERATE,1,5.2,17.5,WORK,1
4.1,670,EXPENSIVE,1,7.8,24.8,WORK,0
4.6,2440,MODERATE,0,6.9,10.5,WORK,0
3.9,830,INEXPENSIVE,1,2,13.8,WORK,0
4.2,1770,MODERATE,1,3.5,21.6,WORK,0
4.8,340,EXPENSIVE,1,1.1,16.7,WORK,0
4.9,2840,MODERATE,1,5.3,18.1,MEETING,1
4.6,690,INEXPENSIVE,1,4.7,14.3,MEETING,1
4.8,1760,MODERATE,1,6.4,21.9,MEETING,1
4.4,830,INEXPENSIVE,1,3.8,11.6,MEETING,1
4.7,3290,MODERATE,1,5.9,25.3,MEETING,1
4.2,510,EXPENSIVE,1,4.5,8.9,MEETING,0
4.9,2410,MODERATE,0,6.8,17.2,MEETING,0
4,1170,INEXPENSIVE,1,2.6,14.7,MEETING,0
4.5,240,MODERATE,1,1.9,26.3,MEETING,0
3.8,4020,INEXPENSIVE,1,4.3,19.8,MEETING,0
4.6,1760,INEXPENSIVE,1,1.4,6.2,QUICK COFFEE,1
4.2,830,MODERATE,1,2.7,4.8,QUICK COFFEE,1
4.9,3120,INEXPENSIVE,1,0.9,8.3,QUICK COFFEE,1
4.4,460,MODERATE,1,3.6,7.2,QUICK COFFEE,1
4.7,280,EXPENSIVE,1,1.1,10.5,QUICK COFFEE,1
4.5,1910,MODERATE,0,5.4,5.6,QUICK COFFEE,0
3.9,620,INEXPENSIVE,1,1.8,15.1,QUICK COFFEE,0
4.1,3560,MODERATE,1,0.6,19.3,QUICK COFFEE,0
4.8,160,EXPENSIVE,1,2.2,13.7,QUICK COFFEE,0
3.7,980,INEXPENSIVE,0,3.1,9.4,QUICK COFFEE,0
4.8,2640,MODERATE,1,4.9,17.3,SOCIAL,1
4.7,740,EXPENSIVE,1,6.2,22.8,SOCIAL,1
4.9,1860,INEXPENSIVE,1,5.5,14.6,SOCIAL,1
4.5,3210,MODERATE,1,3.7,25.2,SOCIAL,1
4.6,510,EXPENSIVE,1,4.8,27.7,SOCIAL,1
4.3,890,INEXPENSIVE,1,1.4,10.6,SOCIAL,0
4.1,2840,MODERATE,0,5.8,16.8,SOCIAL,0
4.8,210,EXPENSIVE,0,4.1,18.5,SOCIAL,0
3.9,1530,MODERATE,1,2.6,20.7,SOCIAL,0
4.2,3160,INEXPENSIVE,1,1.7,30.8,SOCIAL,0
4.9,2210,MODERATE,1,6.6,14.9,RELAX,1
4.6,870,INEXPENSIVE,1,5.1,12.6,RELAX,1
4.8,3030,MODERATE,1,7.3,19.7,RELAX,1
4.5,520,INEXPENSIVE,1,4.5,17.2,RELAX,1
4.7,2690,MODERATE,1,5.9,23.8,RELAX,1
4.1,940,EXPENSIVE,1,2.1,13.3,RELAX,0
4.8,3820,MODERATE,0,6.4,17.7,RELAX,0
4,1690,INEXPENSIVE,1,1.2,25.4,RELAX,0
3.8,720,MODERATE,1,3.8,21.1,RELAX,0
4.4,2980,EXPENSIVE,1,2.7,15.8,RELAX,0
4.7,1540,INEXPENSIVE,1,3.9,7.9,STUDY,1
4.9,2860,MODERATE,1,5.8,11.7,STUDY,1
4.3,630,INEXPENSIVE,1,2.6,14.2,STUDY,1
4.6,3370,MODERATE,1,4.3,18.1,STUDY,1
4.4,810,INEXPENSIVE,1,6.1,20.5,STUDY,1
4,260,EXPENSIVE,1,1,8.4,STUDY,0
4.5,3970,MODERATE,0,6.2,13.6,STUDY,0
3.8,1120,INEXPENSIVE,1,0.7,12.9,STUDY,0
4.2,520,MODERATE,1,2,25.1,STUDY,0
3.7,4630,EXPENSIVE,0,4.9,7.1,STUDY,0
4.9,1710,MODERATE,1,6.8,13.2,WORK,1
4.6,690,INEXPENSIVE,1,5.3,16.1,WORK,1
4.8,3090,MODERATE,1,7.6,18.9,WORK,1
4.4,430,INEXPENSIVE,1,4.6,11.4,WORK,1
4.7,3520,MODERATE,1,5.9,22.6,WORK,1
4.2,580,EXPENSIVE,1,8.4,26.7,WORK,0
4.5,2310,MODERATE,0,6,9.8,WORK,0
3.9,940,INEXPENSIVE,1,2.4,12.7,WORK,0
4.1,2050,MODERATE,1,3.1,23.4,WORK,0
4.8,310,EXPENSIVE,1,1.6,17.9,WORK,0
4.8,2960,MODERATE,1,5.7,16.8,MEETING,1
4.5,820,INEXPENSIVE,1,4.9,13.5,MEETING,1
4.9,1840,MODERATE,1,6.3,20.7,MEETING,1
4.6,470,INEXPENSIVE,1,3.5,18.9,MEETING,1
4.7,3410,MODERATE,1,5.1,23.8,MEETING,1
4.3,630,MODERATE,1,2.4,12.1,MEETING,0
4.8,2600,EXPENSIVE,0,5.8,15.6,MEETING,0
4.1,980,INEXPENSIVE,1,3.2,29.4,MEETING,0
4.4,190,MODERATE,1,1.5,21.3,MEETING,0
3.9,4310,INEXPENSIVE,1,4.6,17.2,MEETING,0
4.8,1450,INEXPENSIVE,1,2.1,5.7,QUICK COFFEE,1
4.3,710,MODERATE,1,1,6.6,QUICK COFFEE,1
4.7,2910,INEXPENSIVE,1,3.2,8.5,QUICK COFFEE,1
4.1,380,MODERATE,1,4.4,9.3,QUICK COFFEE,1
4.9,520,EXPENSIVE,1,0.7,10.8,QUICK COFFEE,1
4.6,2030,MODERATE,0,4.2,4.2,QUICK COFFEE,0
3.8,760,INEXPENSIVE,1,1.5,14.7,QUICK COFFEE,0
4.2,3740,MODERATE,1,0.9,18.1,QUICK COFFEE,0
4.5,140,EXPENSIVE,1,1.6,13.2,QUICK COFFEE,0
3.9,1050,INEXPENSIVE,0,2.8,8.8,QUICK COFFEE,0
4.9,2810,MODERATE,1,5.4,19.3,SOCIAL,1
4.6,790,EXPENSIVE,1,6.6,23.7,SOCIAL,1
4.8,1740,INEXPENSIVE,1,4.8,15.2,SOCIAL,1
4.5,3610,MODERATE,1,3.9,21.6,SOCIAL,1
4.7,630,EXPENSIVE,1,5.7,29.1,SOCIAL,1
4.4,1060,MODERATE,1,1.9,9.7,SOCIAL,0
4,2940,INEXPENSIVE,0,6.4,14.9,SOCIAL,0
4.8,190,EXPENSIVE,0,5.2,17.6,SOCIAL,0
3.8,1320,MODERATE,1,2.1,19.8,SOCIAL,0
4.2,3050,INEXPENSIVE,1,1.5,31.6,SOCIAL,0
4.8,2060,MODERATE,1,6.8,15.4,RELAX,1
4.6,910,INEXPENSIVE,1,5.3,13.1,RELAX,1
4.9,3180,MODERATE,1,7.7,20.6,RELAX,1
4.5,470,INEXPENSIVE,1,4.6,16.8,RELAX,1
4.7,2750,MODERATE,1,5.5,24.3,RELAX,1
4.2,680,EXPENSIVE,1,2.7,11.6,RELAX,0
4.8,4030,MODERATE,0,6.1,18.4,RELAX,0
4,1550,INEXPENSIVE,1,1.4,27.2,RELAX,0
3.9,860,MODERATE,1,3.2,22.7,RELAX,0
4.4,3120,EXPENSIVE,1,2.3,14.8,RELAX,0
4.6,1410,INEXPENSIVE,1,4.7,8.2,STUDY,1
4.8,2510,MODERATE,1,6,12.4,STUDY,1
4.2,520,INEXPENSIVE,1,3.1,10.9,STUDY,1
4.7,3640,MODERATE,1,4.6,17.5,STUDY,1
4.5,760,INEXPENSIVE,1,5.8,19.1,STUDY,1
4.9,280,EXPENSIVE,1,1.4,7.3,STUDY,0
3.9,4380,MODERATE,0,5.7,11.6,STUDY,0
4.1,910,INEXPENSIVE,1,0.9,16.8,STUDY,0
3.7,590,MODERATE,1,2.3,22.5,STUDY,0
4.3,3280,EXPENSIVE,0,4.4,6.4,STUDY,0
4.8,1830,MODERATE,1,6.1,14.5,WORK,1
4.5,740,INEXPENSIVE,1,5.5,11.9,WORK,1
4.9,2740,MODERATE,1,7.3,19.7,WORK,1
4.3,510,INEXPENSIVE,1,4.7,13.6,WORK,1
4.7,3460,MODERATE,1,5.8,21.2,WORK,1
4.1,690,EXPENSIVE,1,8.1,28.4,WORK,0
4.6,2620,MODERATE,0,6.5,10.1,WORK,0
3.8,870,INEXPENSIVE,1,2.2,14.8,WORK,0
4.2,1940,MODERATE,1,3.8,22.9,WORK,0
4.8,290,EXPENSIVE,1,1.3,16.2,WORK,0
4.9,3050,MODERATE,1,5.6,17.3,MEETING,1
4.6,760,INEXPENSIVE,1,4.8,14.9,MEETING,1
4.8,1920,MODERATE,1,6.5,22.1,MEETING,1
4.5,520,INEXPENSIVE,1,3.7,12.8,MEETING,1
4.7,3540,MODERATE,1,5.2,24.6,MEETING,1
4.2,690,MODERATE,1,2.7,10.9,MEETING,0
4.9,2740,EXPENSIVE,0,6,16.7,MEETING,0
4,1140,INEXPENSIVE,1,3.4,27.9,MEETING,0
4.4,230,MODERATE,1,1.8,23.1,MEETING,0
3.8,4180,INEXPENSIVE,1,4.2,19.7,MEETING,0
4.7,1540,INEXPENSIVE,1,1.3,6,QUICK COFFEE,1
4.2,670,MODERATE,1,2.5,5.1,QUICK COFFEE,1
4.9,3260,INEXPENSIVE,1,0.8,8.8,QUICK COFFEE,1
4.4,430,MODERATE,1,3.9,7.9,QUICK COFFEE,1
4.8,290,EXPENSIVE,1,1,10.2,QUICK COFFEE,1
4.5,2140,MODERATE,0,5.1,4.5,QUICK COFFEE,0
3.9,810,INEXPENSIVE,1,1.7,15.6,QUICK COFFEE,0
4.1,3610,MODERATE,1,0.6,18.8,QUICK COFFEE,0
4.6,170,EXPENSIVE,1,2,13.9,QUICK COFFEE,0
3.8,930,INEXPENSIVE,0,3.4,8.9,QUICK COFFEE,0
4.8,2960,MODERATE,1,4.6,18.2,SOCIAL,1
4.7,830,EXPENSIVE,1,6.4,24.1,SOCIAL,1
4.9,1830,INEXPENSIVE,1,5.1,15.7,SOCIAL,1
4.5,3470,MODERATE,1,3.8,22.3,SOCIAL,1
4.6,570,EXPENSIVE,1,5.9,27.5,SOCIAL,1
4.3,960,MODERATE,1,1.7,10.2,SOCIAL,0
4.1,2810,INEXPENSIVE,0,6.2,16.1,SOCIAL,0
4.8,220,EXPENSIVE,0,4.7,19.4,SOCIAL,0
3.9,1480,MODERATE,1,2.8,17.9,SOCIAL,0
4.2,3220,INEXPENSIVE,1,1.6,30.9,SOCIAL,0
4.9,2150,MODERATE,1,6.3,14.6,RELAX,1
4.6,940,INEXPENSIVE,1,5.2,12.9,RELAX,1
4.8,2970,MODERATE,1,7.5,19.8,RELAX,1
4.5,510,INEXPENSIVE,1,4.9,17.5,RELAX,1
4.7,2610,MODERATE,1,5.7,23.6,RELAX,1
4.1,720,EXPENSIVE,1,2.5,11.4,RELAX,0
4.8,3870,MODERATE,0,6.6,17.9,RELAX,0
4,1620,INEXPENSIVE,1,1.6,26.1,RELAX,0
3.8,790,MODERATE,1,3.5,21.8,RELAX,0
4.4,3040,EXPENSIVE,1,2.2,15.2,RELAX,0
4.7,1320,INEXPENSIVE,1,4.1,9.3,STUDY,1
4.9,2670,MODERATE,1,5.7,13.1,STUDY,1
4.3,590,INEXPENSIVE,1,3.4,11.2,STUDY,1
4.6,3490,MODERATE,1,4.8,16.9,STUDY,1
4.5,780,INEXPENSIVE,1,6.3,18.7,STUDY,1
4,340,EXPENSIVE,1,1.1,7.8,STUDY,0
4.4,4120,MODERATE,0,6,12.2,STUDY,0
3.8,1040,INEXPENSIVE,1,0.8,15.7,STUDY,0
4.2,610,MODERATE,1,2.4,24.6,STUDY,0
3.7,4510,EXPENSIVE,0,4.8,6.8,STUDY,0
4.9,1680,MODERATE,1,6.6,13.8,WORK,1
4.6,810,INEXPENSIVE,1,5.2,15.1,WORK,1
4.8,2870,MODERATE,1,7.4,18.4,WORK,1
4.4,470,INEXPENSIVE,1,4.5,10.9,WORK,1
4.7,3380,MODERATE,1,5.6,22.1,WORK,1
4.2,620,EXPENSIVE,1,8,27.9,WORK,0
4.5,2450,MODERATE,0,6.3,9.6,WORK,0
3.9,930,INEXPENSIVE,1,2.3,13.5,WORK,0
4.1,1810,MODERATE,1,3.6,24.1,WORK,0
4.8,350,EXPENSIVE,1,1.2,17.3,WORK,0
4.8,2890,MODERATE,1,5.4,16.2,MEETING,1
4.6,720,INEXPENSIVE,1,4.9,14.1,MEETING,1
4.9,2010,MODERATE,1,6.7,21.4,MEETING,1
4.5,540,INEXPENSIVE,1,3.6,13.3,MEETING,1
4.7,3460,MODERATE,1,5,23.9,MEETING,1
4.3,650,MODERATE,1,2.5,11.5,MEETING,0
4.8,2530,EXPENSIVE,0,5.9,16.2,MEETING,0
4.1,1080,INEXPENSIVE,1,3.3,28.7,MEETING,0
4.4,260,MODERATE,1,1.7,22.4,MEETING,0
3.9,4390,INEXPENSIVE,1,4.4,18.3,MEETING,0
4.7,1610,INEXPENSIVE,1,1.5,6.4,QUICK COFFEE,1
4.3,690,MODERATE,1,2.3,5.5,QUICK COFFEE,1
4.9,3190,INEXPENSIVE,1,0.7,8.1,QUICK COFFEE,1
4.4,450,MODERATE,1,3.7,7.5,QUICK COFFEE,1
4.8,310,EXPENSIVE,1,0.9,10.6,QUICK COFFEE,1
4.6,2190,MODERATE,0,4.6,4.8,QUICK COFFEE,0
3.8,850,INEXPENSIVE,1,1.8,14.9,QUICK COFFEE,0
4.2,3470,MODERATE,1,0.5,17.6,QUICK COFFEE,0
4.5,150,EXPENSIVE,1,1.7,13.4,QUICK COFFEE,0
3.9,1010,INEXPENSIVE,0,3,9.1,QUICK COFFEE,0
4.9,2710,MODERATE,1,5.7,18.7,SOCIAL,1
4.6,850,EXPENSIVE,1,6.1,23.4,SOCIAL,1
4.8,1910,INEXPENSIVE,1,5.3,15.1,SOCIAL,1
4.5,3580,MODERATE,1,4,22.7,SOCIAL,1
4.7,610,EXPENSIVE,1,5.6,28.4,SOCIAL,1
4.4,1010,MODERATE,1,1.8,9.9,SOCIAL,0
4,2920,INEXPENSIVE,0,6,16.7,SOCIAL,0
4.8,240,EXPENSIVE,0,4.5,18.2,SOCIAL,0
3.9,1590,MODERATE,1,2.4,20.1,SOCIAL,0
4.2,3110,INEXPENSIVE,1,1.4,31.1,SOCIAL,0
4.8,2280,MODERATE,1,6.4,15.1,RELAX,1
4.6,890,INEXPENSIVE,1,5.4,13.7,RELAX,1
4.9,3070,MODERATE,1,7.6,20.2,RELAX,1
4.5,490,INEXPENSIVE,1,4.7,16.5,RELAX,1
4.7,2820,MODERATE,1,5.8,24.1,RELAX,1
4.2,760,EXPENSIVE,1,2.6,12.2,RELAX,0
4.8,3990,MODERATE,0,6.3,18.8,RELAX,0
4,1710,INEXPENSIVE,1,1.5,26.7,RELAX,0
3.8,820,MODERATE,1,3.7,22.1,RELAX,0
4.4,3170,EXPENSIVE,1,2.4,15.9,RELAX,0
4.6,1490,INEXPENSIVE,1,4.5,8.5,STUDY,1
4.8,2750,MODERATE,1,6.2,12.8,STUDY,1
4.2,560,INEXPENSIVE,1,3,10.5,STUDY,1
4.7,3550,MODERATE,1,4.4,17.8,STUDY,1
4.5,830,INEXPENSIVE,1,5.9,19.4,STUDY,1
4.1,270,EXPENSIVE,1,1.2,7.1,STUDY,0
4.4,4260,MODERATE,0,5.8,13,STUDY,0
3.7,970,INEXPENSIVE,1,0.9,16.2,STUDY,0
4.2,640,MODERATE,1,2.2,24.9,STUDY,0
3.9,4440,EXPENSIVE,0,4.5,6.9,STUDY,0
4.9,1790,MODERATE,1,6.7,14.1,WORK,1
4.6,760,INEXPENSIVE,1,5.4,12.6,WORK,1
4.8,2950,MODERATE,1,7.1,19.1,WORK,1
4.4,510,INEXPENSIVE,1,4.9,11.2,WORK,1
4.7,3610,MODERATE,1,5.7,21.6,WORK,1
4.2,650,EXPENSIVE,1,8.2,28.3,WORK,0
4.5,2380,MODERATE,0,6.1,10.2,WORK,0
3.9,990,INEXPENSIVE,1,2.1,14.3,WORK,0
4.1,1930,MODERATE,1,3.7,23.7,WORK,0
4.8,320,EXPENSIVE,1,1.4,16.9,WORK,0
4.8,3120,MODERATE,1,5.8,17.1,MEETING,1
4.6,780,INEXPENSIVE,1,4.6,14.6,MEETING,1
4.9,2090,MODERATE,1,6.3,22.5,MEETING,1
4.5,570,INEXPENSIVE,1,3.8,12.5,MEETING,1
4.7,3510,MODERATE,1,5.3,24.3,MEETING,1
4.3,610,MODERATE,1,2.3,11.8,MEETING,0
4.8,2680,EXPENSIVE,0,5.6,15.9,MEETING,0
4.1,1120,INEXPENSIVE,1,3.5,28.1,MEETING,0
4.4,280,MODERATE,1,1.6,21.8,MEETING,0
3.8,4270,INEXPENSIVE,1,4.1,19.2,MEETING,0
4.7,1670,INEXPENSIVE,1,1.2,6.3,QUICK COFFEE,1
4.3,720,MODERATE,1,2.6,5.3,QUICK COFFEE,1
4.9,3330,INEXPENSIVE,1,0.9,8.6,QUICK COFFEE,1
4.4,470,MODERATE,1,3.5,7.7,QUICK COFFEE,1
4.8,340,EXPENSIVE,1,0.8,10.4,QUICK COFFEE,1
4.6,2080,MODERATE,0,4.8,4.4,QUICK COFFEE,0
3.8,900,INEXPENSIVE,1,1.6,15.3,QUICK COFFEE,0
4.2,3520,MODERATE,1,0.7,18.4,QUICK COFFEE,0
4.5,170,EXPENSIVE,1,1.9,13.1,QUICK COFFEE,0
3.9,1080,INEXPENSIVE,0,3.2,8.7,QUICK COFFEE,0
4.9,2860,MODERATE,1,5.5,19.1,SOCIAL,1
4.6,920,EXPENSIVE,1,6.3,24.3,SOCIAL,1
4.8,1970,INEXPENSIVE,1,5,15.9,SOCIAL,1
4.5,3650,MODERATE,1,4.2,22.1,SOCIAL,1
4.7,640,EXPENSIVE,1,5.8,28.8,SOCIAL,1
4.3,1080,MODERATE,1,1.6,10.4,SOCIAL,0
4.1,3040,INEXPENSIVE,0,6.1,16.4,SOCIAL,0
4.8,260,EXPENSIVE,0,4.8,19.1,SOCIAL,0
3.9,1640,MODERATE,1,2.7,20.6,SOCIAL,0
4.2,3270,INEXPENSIVE,1,1.5,31.8,SOCIAL,0
4.8,2360,MODERATE,1,6.5,15.8,RELAX,1
4.6,950,INEXPENSIVE,1,5.1,13.2,RELAX,1
4.9,3190,MODERATE,1,7.8,20.4,RELAX,1
4.5,530,INEXPENSIVE,1,4.8,17.1,RELAX,1
4.7,2910,MODERATE,1,5.6,24.6,RELAX,1
4.2,790,EXPENSIVE,1,2.4,11.8,RELAX,0
4.8,4120,MODERATE,0,6.5,18.2,RELAX,0
4,1780,INEXPENSIVE,1,1.3,27.1,RELAX,0
3.8,850,MODERATE,1,3.6,22.4,RELAX,0
4.4,3290,EXPENSIVE,1,2.5,15.5,RELAX,0
4.7,1570,INEXPENSIVE,1,4.3,8.9,STUDY,1
4.9,2820,MODERATE,1,6.1,13.4,STUDY,1
4.3,610,INEXPENSIVE,1,3.3,11,STUDY,1
4.6,3720,MODERATE,1,4.7,17.2,STUDY,1
4.5,850,INEXPENSIVE,1,5.6,19.8,STUDY,1
4,310,EXPENSIVE,1,1,7.5,STUDY,0
4.4,4380,MODERATE,0,5.6,12.7,STUDY,0
3.8,1030,INEXPENSIVE,1,0.8,16.5,STUDY,0
4.2,690,MODERATE,1,2.1,25.3,STUDY,0
3.7,4580,EXPENSIVE,0,4.7,6.6,STUDY,0
4.9,1840,MODERATE,1,6.5,13.7,WORK,1
4.6,790,INEXPENSIVE,1,5.6,12.2,WORK,1
4.8,3020,MODERATE,1,7.2,18.7,WORK,1
4.4,490,INEXPENSIVE,1,4.8,10.8,WORK,1
4.7,3740,MODERATE,1,5.9,21.9,WORK,1
4.2,670,EXPENSIVE,1,8.3,27.5,WORK,0
4.5,2540,MODERATE,0,6.4,9.9,WORK,0
3.9,1020,INEXPENSIVE,1,2.2,14.6,WORK,0
4.1,2010,MODERATE,1,3.5,24.3,WORK,0
4.8,360,EXPENSIVE,1,1.3,17.6,WORK,0
4.8,3260,MODERATE,1,5.6,17.8,MEETING,1
4.6,810,INEXPENSIVE,1,4.7,14.4,MEETING,1
4.9,2180,MODERATE,1,6.6,21.8,MEETING,1
4.5,590,INEXPENSIVE,1,3.9,13.1,MEETING,1
4.7,3590,MODERATE,1,5.4,24.9,MEETING,1
4.3,680,MODERATE,1,2.6,11.2,MEETING,0
4.8,2790,EXPENSIVE,0,5.7,16.5,MEETING,0
4.1,1190,INEXPENSIVE,1,3.4,28.9,MEETING,0
4.4,300,MODERATE,1,1.8,22.6,MEETING,0
3.8,4360,INEXPENSIVE,1,4,18.8,MEETING,0
4.7,1730,INEXPENSIVE,1,1.4,6.1,QUICK COFFEE,1
4.3,750,MODERATE,1,2.4,5.7,QUICK COFFEE,1
4.9,3420,INEXPENSIVE,1,0.8,8.4,QUICK COFFEE,1
4.4,490,MODERATE,1,3.8,7.3,QUICK COFFEE,1
4.8,360,EXPENSIVE,1,0.9,10.7,QUICK COFFEE,1
4.6,2140,MODERATE,0,4.7,4.6,QUICK COFFEE,0
3.8,930,INEXPENSIVE,1,1.7,15.8,QUICK COFFEE,0
4.2,3690,MODERATE,1,0.6,18.9,QUICK COFFEE,0
4.5,190,EXPENSIVE,1,1.8,13.6,QUICK COFFEE,0
3.9,1120,INEXPENSIVE,0,3.3,8.5,QUICK COFFEE,0
4.9,3010,MODERATE,1,5.8,19.5,SOCIAL,1
4.6,970,EXPENSIVE,1,6.5,24.8,SOCIAL,1
4.8,2050,INEXPENSIVE,1,5.2,15.5,SOCIAL,1
4.5,3720,MODERATE,1,4.1,22.6,SOCIAL,1
4.7,680,EXPENSIVE,1,5.7,29.3,SOCIAL,1
4.3,1120,MODERATE,1,1.7,10.7,SOCIAL,0
4.1,3180,INEXPENSIVE,0,6.3,16.9,SOCIAL,0
4.8,280,EXPENSIVE,0,4.6,19.7,SOCIAL,0
3.9,1720,MODERATE,1,2.5,20.9,SOCIAL,0
4.2,3340,INEXPENSIVE,1,1.6,32.1,SOCIAL,0
4.8,2440,MODERATE,1,6.7,16.1,RELAX,1
4.6,1010,INEXPENSIVE,1,5.3,13.5,RELAX,1
4.9,3310,MODERATE,1,7.7,20.7,RELAX,1
4.5,560,INEXPENSIVE,1,4.9,17.4,RELAX,1
4.7,3040,MODERATE,1,5.9,24.8,RELAX,1
4.2,820,EXPENSIVE,1,2.8,12.1,RELAX,0
4.8,4250,MODERATE,0,6.2,18.7,RELAX,0
4,1860,INEXPENSIVE,1,1.4,27.5,RELAX,0
3.8,910,MODERATE,1,3.8,22.8,RELAX,0
4.4,3410,EXPENSIVE,1,2.3,15.7,RELAX,0
4.6,1630,INEXPENSIVE,1,4.6,8.6,STUDY,1
4.8,2910,MODERATE,1,6.3,12.9,STUDY,1
4.2,640,INEXPENSIVE,1,3.2,10.7,STUDY,1
4.7,3810,MODERATE,1,4.9,17.6,STUDY,1
4.5,890,INEXPENSIVE,1,5.7,19.3,STUDY,1
4.1,350,EXPENSIVE,1,1.1,7.9,STUDY,0
4.4,4470,MODERATE,0,5.9,13.3,STUDY,0
3.8,1090,INEXPENSIVE,1,0.7,16.9,STUDY,0
4.2,710,MODERATE,1,2.3,25.8,STUDY,0
3.9,4690,EXPENSIVE,0,4.6,6.5,STUDY,0
4.9,1910,MODERATE,1,6.8,14.4,WORK,1
4.6,820,INEXPENSIVE,1,5.5,12.8,WORK,1
4.8,3170,MODERATE,1,7.5,19.4,WORK,1
4.4,530,INEXPENSIVE,1,4.6,11.1,WORK,1
4.7,3890,MODERATE,1,5.8,22.4,WORK,1
4.2,710,EXPENSIVE,1,8.1,28.1,WORK,0
4.5,2670,MODERATE,0,6.6,10.4,WORK,0
3.9,1080,INEXPENSIVE,1,2.4,14.9,WORK,0
4.1,2140,MODERATE,1,3.9,24.8,WORK,0
4.8,380,EXPENSIVE,1,1.5,17.2,WORK,0
4.8,3410,MODERATE,1,5.9,18.2,MEETING,1
4.6,850,INEXPENSIVE,1,4.8,14.7,MEETING,1
4.9,2290,MODERATE,1,6.4,22.2,MEETING,1
4.5,610,INEXPENSIVE,1,3.7,13.6,MEETING,1
4.7,3680,MODERATE,1,5.2,25.1,MEETING,1
4.3,720,MODERATE,1,2.5,11.9,MEETING,0
4.8,2910,EXPENSIVE,0,5.8,16.8,MEETING,0
4.1,1240,INEXPENSIVE,1,3.6,29.2,MEETING,0
4.4,320,MODERATE,1,1.7,23,MEETING,0
3.8,4420,INEXPENSIVE,1,4.3,19.5,MEETING,0
4.7,1810,INEXPENSIVE,1,1.3,6.5,QUICK COFFEE,1
4.3,780,MODERATE,1,2.7,5.4,QUICK COFFEE,1
4.9,3510,INEXPENSIVE,1,0.7,8.7,QUICK COFFEE,1
4.4,510,MODERATE,1,3.6,7.8,QUICK COFFEE,1
4.8,390,EXPENSIVE,1,1,10.9,QUICK COFFEE,1
4.6,2210,MODERATE,0,4.5,4.3,QUICK COFFEE,0
3.8,960,INEXPENSIVE,1,1.8,15.4,QUICK COFFEE,0
4.2,3820,MODERATE,1,0.5,18.2,QUICK COFFEE,0
4.5,210,EXPENSIVE,1,1.9,13.8,QUICK COFFEE,0
3.9,1180,INEXPENSIVE,0,3.1,8.6,QUICK COFFEE,0
4.9,3150,MODERATE,1,5.6,19.7,SOCIAL,1
4.6,1030,EXPENSIVE,1,6.2,24.6,SOCIAL,1
4.8,2140,INEXPENSIVE,1,5.4,15.8,SOCIAL,1
4.5,3890,MODERATE,1,4.3,22.8,SOCIAL,1
4.7,710,EXPENSIVE,1,5.9,29.6,SOCIAL,1
4.3,1190,MODERATE,1,1.5,10.9,SOCIAL,0
4.1,3290,INEXPENSIVE,0,6.4,17.1,SOCIAL,0
4.8,310,EXPENSIVE,0,4.9,19.8,SOCIAL,0
3.9,1810,MODERATE,1,2.6,21.4,SOCIAL,0
4.2,3410,INEXPENSIVE,1,1.7,32.6,SOCIAL,0
4.8,2580,MODERATE,1,6.8,16.4,RELAX,1
4.6,1080,INEXPENSIVE,1,5.2,13.8,RELAX,1
4.9,3440,MODERATE,1,7.9,20.9,RELAX,1
4.5,590,INEXPENSIVE,1,4.7,17.7,RELAX,1
4.7,3170,MODERATE,1,5.7,25.1,RELAX,1
4.2,850,EXPENSIVE,1,2.7,12.5,RELAX,0
4.8,4380,MODERATE,0,6.4,18.5,RELAX,0
4,1930,INEXPENSIVE,1,1.5,27.9,RELAX,0
3.8,980,MODERATE,1,3.9,23.1,RELAX,0
4.4,3520,EXPENSIVE,1,2.6,16.1,RELAX,0
4.7,1710,INEXPENSIVE,1,4.4,9.1,STUDY,1
4.9,3060,MODERATE,1,6,13.6,STUDY,1
4.3,680,INEXPENSIVE,1,3.5,11.4,STUDY,1
4.6,3920,MODERATE,1,4.7,17.9,STUDY,1
4.5,920,INEXPENSIVE,1,5.8,19.7,STUDY,1
4,390,EXPENSIVE,1,1.3,7.6,STUDY,0
4.4,4560,MODERATE,0,6.1,13.1,STUDY,0
3.8,1150,INEXPENSIVE,1,0.9,17.2,STUDY,0
4.2,730,MODERATE,1,2.2,26.1,STUDY,0
3.9,4810,EXPENSIVE,0,4.8,6.7,STUDY,0
4.9,1980,MODERATE,1,6.7,14.7,WORK,1
4.6,860,INEXPENSIVE,1,5.3,12.4,WORK,1
4.8,3290,MODERATE,1,7.6,19.8,WORK,1
4.4,560,INEXPENSIVE,1,4.7,11.5,WORK,1
4.7,4020,MODERATE,1,5.9,22.8,WORK,1
4.2,750,EXPENSIVE,1,8.4,28.7,WORK,0
4.5,2780,MODERATE,0,6.2,10.7,WORK,0
3.9,1160,INEXPENSIVE,1,2.3,15.2,WORK,0
4.1,2260,MODERATE,1,3.8,25.1,WORK,0
4.8,410,EXPENSIVE,1,1.4,17.8,WORK,0
4.8,3570,MODERATE,1,5.7,18.6,MEETING,1
4.6,910,INEXPENSIVE,1,4.9,14.9,MEETING,1
4.9,2410,MODERATE,1,6.5,22.7,MEETING,1
4.5,640,INEXPENSIVE,1,3.8,13.9,MEETING,1
4.7,3810,MODERATE,1,5.3,25.6,MEETING,1
4.3,760,MODERATE,1,2.4,12.2,MEETING,0
4.8,3040,EXPENSIVE,0,5.9,17.1,MEETING,0
4.1,1310,INEXPENSIVE,1,3.5,29.6,MEETING,0
4.4,340,MODERATE,1,1.9,23.5,MEETING,0
3.8,4510,INEXPENSIVE,1,4.2,19.9,MEETING,0
4.7,1890,INEXPENSIVE,1,1.5,6.2,QUICK COFFEE,1
4.3,810,MODERATE,1,2.8,5.6,QUICK COFFEE,1
4.9,3630,INEXPENSIVE,1,0.8,8.9,QUICK COFFEE,1
4.4,530,MODERATE,1,3.7,7.6,QUICK COFFEE,1
4.8,420,EXPENSIVE,1,1.1,10.8,QUICK COFFEE,1
4.6,2290,MODERATE,0,4.9,4.7,QUICK COFFEE,0
3.8,1010,INEXPENSIVE,1,1.6,15.9,QUICK COFFEE,0
4.2,3950,MODERATE,1,0.7,18.6,QUICK COFFEE,0
4.5,230,EXPENSIVE,1,2,13.5,QUICK COFFEE,0
3.9,1240,INEXPENSIVE,0,3.2,8.9,QUICK COFFEE,0
4.9,3270,MODERATE,1,5.9,20.1,SOCIAL,1
4.6,1090,EXPENSIVE,1,6.4,24.9,SOCIAL,1
4.8,2230,INEXPENSIVE,1,5.1,16.2,SOCIAL,1
4.5,4050,MODERATE,1,4.2,23.1,SOCIAL,1
4.7,740,EXPENSIVE,1,5.8,29.8,SOCIAL,1
4.3,1270,MODERATE,1,1.8,10.6,SOCIAL,0
4.1,3410,INEXPENSIVE,0,6.5,17.5,SOCIAL,0
4.8,330,EXPENSIVE,0,4.7,20.2,SOCIAL,0
3.9,1890,MODERATE,1,2.7,21.8,SOCIAL,0
4.2,3520,INEXPENSIVE,1,1.5,32.9,SOCIAL,0
4.8,2690,MODERATE,1,6.6,16.8,RELAX,1
4.6,1160,INEXPENSIVE,1,5.4,14.1,RELAX,1
4.9,3580,MODERATE,1,7.8,21.2,RELAX,1
4.5,620,INEXPENSIVE,1,4.8,17.9,RELAX,1
4.7,3290,MODERATE,1,5.9,25.5,RELAX,1
4.2,900,EXPENSIVE,1,2.9,12.8,RELAX,0
4.8,4490,MODERATE,0,6.3,18.9,RELAX,0
4,2010,INEXPENSIVE,1,1.6,28.2,RELAX,0
3.8,1040,MODERATE,1,3.7,23.4,RELAX,0
4.4,3650,EXPENSIVE,1,2.4,16.4,RELAX,0
4.7,1820,INEXPENSIVE,1,4.5,8.8,STUDY,1
4.9,3190,MODERATE,1,6.2,13.2,STUDY,1
4.3,710,INEXPENSIVE,1,3.3,11.1,STUDY,1
4.6,4010,MODERATE,1,4.8,18.2,STUDY,1
4.5,960,INEXPENSIVE,1,5.9,20.1,STUDY,1
4.1,420,EXPENSIVE,1,1.2,7.4,STUDY,0
4.4,4650,MODERATE,0,5.7,12.9,STUDY,0
3.8,1210,INEXPENSIVE,1,0.8,17.5,STUDY,0
4.2,760,MODERATE,1,2.4,26.4,STUDY,0
3.9,4920,EXPENSIVE,0,4.7,6.8,STUDY,0
4.9,2070,MODERATE,1,6.9,14.3,WORK,1
4.6,930,INEXPENSIVE,1,5.4,12.7,WORK,1
4.8,3410,MODERATE,1,7.4,19.5,WORK,1
4.4,590,INEXPENSIVE,1,4.8,11.3,WORK,1
4.7,4150,MODERATE,1,5.7,22.5,WORK,1
4.2,790,EXPENSIVE,1,8.3,29.1,WORK,0
4.5,2890,MODERATE,0,6.4,10.9,WORK,0
3.9,1240,INEXPENSIVE,1,2.5,15.6,WORK,0
4.1,2390,MODERATE,1,3.7,25.6,WORK,0
4.8,450,EXPENSIVE,1,1.5,18.1,WORK,0
4.8,3690,MODERATE,1,5.8,18.9,MEETING,1
4.6,960,INEXPENSIVE,1,4.7,15.2,MEETING,1
4.9,2520,MODERATE,1,6.6,23.1,MEETING,1
4.5,670,INEXPENSIVE,1,3.9,14.2,MEETING,1
4.7,3940,MODERATE,1,5.4,26,MEETING,1
4.3,810,MODERATE,1,2.6,12.5,MEETING,0
4.8,3170,EXPENSIVE,0,5.8,17.5,MEETING,0
4.1,1390,INEXPENSIVE,1,3.7,29.9,MEETING,0
4.4,360,MODERATE,1,1.8,23.8,MEETING,0
3.8,4630,INEXPENSIVE,1,4.4,20.2,MEETING,0
4.7,1970,INEXPENSIVE,1,1.4,6.4,QUICK COFFEE,1
4.3,840,MODERATE,1,2.5,5.8,QUICK COFFEE,1
4.9,3740,INEXPENSIVE,1,0.9,8.5,QUICK COFFEE,1
4.4,560,MODERATE,1,3.6,7.9,QUICK COFFEE,1
4.8,450,EXPENSIVE,1,1,10.5,QUICK COFFEE,1
4.6,2380,MODERATE,0,4.6,4.5,QUICK COFFEE,0
3.8,1060,INEXPENSIVE,1,1.7,15.6,QUICK COFFEE,0
4.2,4100,MODERATE,1,0.6,18.9,QUICK COFFEE,0
4.5,250,EXPENSIVE,1,1.8,13.7,QUICK COFFEE,0
3.9,1310,INEXPENSIVE,0,3.3,8.8,QUICK COFFEE,0
4.9,3390,MODERATE,1,5.7,20.3,SOCIAL,1
4.6,1180,EXPENSIVE,1,6.3,25.2,SOCIAL,1
4.8,2350,INEXPENSIVE,1,5.3,16.5,SOCIAL,1
4.5,4180,MODERATE,1,4.1,23.5,SOCIAL,1
4.7,770,EXPENSIVE,1,5.9,30.1,SOCIAL,1
4.3,1360,MODERATE,1,1.7,10.8,SOCIAL,0
4.1,3530,INEXPENSIVE,0,6.2,17.8,SOCIAL,0
4.8,350,EXPENSIVE,0,4.8,20.5,SOCIAL,0
3.9,1970,MODERATE,1,2.5,22.1,SOCIAL,0
4.2,3690,INEXPENSIVE,1,1.6,33.2,SOCIAL,0
4.8,2810,MODERATE,1,6.7,17.1,RELAX,1
4.6,1240,INEXPENSIVE,1,5.3,14.4,RELAX,1
4.9,3720,MODERATE,1,7.9,21.5,RELAX,1
4.5,650,INEXPENSIVE,1,4.9,18.2,RELAX,1
4.7,3410,MODERATE,1,5.8,25.9,RELAX,1
4.2,940,EXPENSIVE,1,2.8,13.1,RELAX,0
4.8,4610,MODERATE,0,6.5,19.2,RELAX,0
4,2180,INEXPENSIVE,1,1.5,28.7,RELAX,0
3.8,1120,MODERATE,1,3.8,23.7,RELAX,0
4.4,3780,EXPENSIVE,1,2.5,16.8,RELAX,0
4.7,1930,INEXPENSIVE,1,4.6,9,STUDY,1
4.9,3320,MODERATE,1,6.1,13.5,STUDY,1
4.3,740,INEXPENSIVE,1,3.4,11.3,STUDY,1
4.6,4120,MODERATE,1,4.9,18.5,STUDY,1
4.5,1010,INEXPENSIVE,1,5.7,20.4,STUDY,1
4.1,450,EXPENSIVE,1,1.4,7.7,STUDY,0
4.4,4780,MODERATE,0,5.8,13.4,STUDY,0
3.8,1280,INEXPENSIVE,1,0.8,17.8,STUDY,0
4.2,790,MODERATE,1,2.5,26.7,STUDY,0
3.9,4980,EXPENSIVE,0,4.9,6.9,STUDY,0
4.9,2160,MODERATE,1,6.8,14.6,WORK,1
4.6,1010,INEXPENSIVE,1,5.5,12.9,WORK,1
4.8,3560,MODERATE,1,7.5,19.9,WORK,1
4.4,620,INEXPENSIVE,1,4.9,11.6,WORK,1
4.7,4270,MODERATE,1,5.8,22.9,WORK,1
4.2,830,EXPENSIVE,1,8.2,29.4,WORK,0
4.5,3010,MODERATE,0,6.3,11.1,WORK,0
3.9,1320,INEXPENSIVE,1,2.4,15.9,WORK,0
4.1,2510,MODERATE,1,3.8,26.1,WORK,0
4.8,490,EXPENSIVE,1,1.6,18.4,WORK,0
4.8,3820,MODERATE,1,5.9,19.2,MEETING,1
4.6,1020,INEXPENSIVE,1,4.8,15.5,MEETING,1
4.9,2630,MODERATE,1,6.7,23.5,MEETING,1
4.5,710,INEXPENSIVE,1,3.7,14.5,MEETING,1
4.7,4070,MODERATE,1,5.2,26.4,MEETING,1
4.3,850,MODERATE,1,2.7,12.8,MEETING,0
4.8,3290,EXPENSIVE,0,5.9,17.8,MEETING,0
4.1,1470,INEXPENSIVE,1,3.5,30.2,MEETING,0
4.4,390,MODERATE,1,1.9,24.1,MEETING,0
3.8,4720,INEXPENSIVE,1,4.3,20.6,MEETING,0
4.7,2050,INEXPENSIVE,1,1.5,6.3,QUICK COFFEE,1
4.3,870,MODERATE,1,2.6,5.9,QUICK COFFEE,1
4.9,3860,INEXPENSIVE,1,0.8,8.8,QUICK COFFEE,1
4.4,590,MODERATE,1,3.8,7.5,QUICK COFFEE,1
4.8,480,EXPENSIVE,1,1.1,10.7,QUICK COFFEE,1
4.6,2470,MODERATE,0,4.8,4.6,QUICK COFFEE,0
3.8,1120,INEXPENSIVE,1,1.8,15.7,QUICK COFFEE,0
4.2,4250,MODERATE,1,0.7,19.1,QUICK COFFEE,0
4.5,270,EXPENSIVE,1,2,13.9,QUICK COFFEE,0
3.9,1390,INEXPENSIVE,0,3.1,8.9,QUICK COFFEE,0
4.9,3510,MODERATE,1,5.8,20.5,SOCIAL,1
4.6,1270,EXPENSIVE,1,6.5,25.5,SOCIAL,1
4.8,2460,INEXPENSIVE,1,5.2,16.8,SOCIAL,1
4.5,4320,MODERATE,1,4.2,23.8,SOCIAL,1
4.7,800,EXPENSIVE,1,5.7,30.5,SOCIAL,1
4.3,1440,MODERATE,1,1.6,11,SOCIAL,0
4.1,3680,INEXPENSIVE,0,6.3,18.1,SOCIAL,0
4.8,390,EXPENSIVE,0,4.9,20.8,SOCIAL,0
3.9,2050,MODERATE,1,2.6,22.5,SOCIAL,0
4.2,3860,INEXPENSIVE,1,1.7,33.6,SOCIAL,0
4.8,2950,MODERATE,1,6.6,17.4,RELAX,1
4.6,1320,INEXPENSIVE,1,5.4,14.7,RELAX,1
4.9,3890,MODERATE,1,7.8,21.8,RELAX,1
4.5,690,INEXPENSIVE,1,4.8,18.5,RELAX,1
4.7,3530,MODERATE,1,5.9,26.2,RELAX,1
4.2,980,EXPENSIVE,1,2.7,13.4,RELAX,0
4.8,4750,MODERATE,0,6.4,19.5,RELAX,0
4,2310,INEXPENSIVE,1,1.4,29.1,RELAX,0
3.8,1190,MODERATE,1,3.7,24,RELAX,0
4.4,3910,EXPENSIVE,1,2.6,17.2,RELAX,0
4.7,2040,INEXPENSIVE,1,4.7,9.2,STUDY,1
4.9,3450,MODERATE,1,6.2,13.8,STUDY,1
4.3,780,INEXPENSIVE,1,3.5,11.5,STUDY,1
4.6,4230,MODERATE,1,4.8,18.8,STUDY,1
4.5,1080,INEXPENSIVE,1,5.8,20.8,STUDY,1
4.1,490,EXPENSIVE,1,1.2,7.8,STUDY,0
4.4,4860,MODERATE,0,5.9,13.7,STUDY,0
3.8,1340,INEXPENSIVE,1,0.9,18.2,STUDY,0
4.2,820,MODERATE,1,2.3,27,STUDY,0
3.9,4990,EXPENSIVE,0,4.7,7.1,STUDY,0
4.9,2240,MODERATE,1,6.7,14.8,WORK,1
4.6,1080,INEXPENSIVE,1,5.6,13.1,WORK,1
4.8,3690,MODERATE,1,7.4,20.1,WORK,1
4.4,650,INEXPENSIVE,1,4.7,11.8,WORK,1
4.7,4390,MODERATE,1,5.9,23.2,WORK,1
4.2,870,EXPENSIVE,1,8.4,29.8,WORK,0
4.5,3180,MODERATE,0,6.2,11.3,WORK,0
3.9,1410,INEXPENSIVE,1,2.5,16.3,WORK,0
4.1,2640,MODERATE,1,3.9,26.5,WORK,0
4.8,520,EXPENSIVE,1,1.4,18.7,WORK,0
4.8,3960,MODERATE,1,5.8,19.7,MEETING,1
4.6,1090,INEXPENSIVE,1,4.9,15.9,MEETING,1
4.9,2780,MODERATE,1,6.5,23.9,MEETING,1
4.5,760,INEXPENSIVE,1,3.8,14.8,MEETING,1
4.7,4190,MODERATE,1,5.4,26.8,MEETING,1
4.3,910,MODERATE,1,2.5,13,MEETING,0
4.8,3440,EXPENSIVE,0,5.7,18.1,MEETING,0
4.1,1560,INEXPENSIVE,1,3.6,30.5,MEETING,0
4.4,420,MODERATE,1,1.8,24.6,MEETING,0
3.8,4810,INEXPENSIVE,1,4.2,20.9,MEETING,0
4.7,2160,INEXPENSIVE,1,1.4,6.5,QUICK COFFEE,1
4.3,910,MODERATE,1,2.7,5.7,QUICK COFFEE,1
4.9,3990,INEXPENSIVE,1,0.9,8.9,QUICK COFFEE,1
4.4,620,MODERATE,1,3.6,7.7,QUICK COFFEE,1
4.8,510,EXPENSIVE,1,1,10.9,QUICK COFFEE,1
4.6,2590,MODERATE,0,4.7,4.4,QUICK COFFEE,0
3.8,1180,INEXPENSIVE,1,1.7,16,QUICK COFFEE,0
4.2,4390,MODERATE,1,0.6,19.3,QUICK COFFEE,0
4.5,290,EXPENSIVE,1,1.9,14.1,QUICK COFFEE,0
3.9,1470,INEXPENSIVE,0,3.2,9,QUICK COFFEE,0
4.9,3630,MODERATE,1,5.9,20.8,SOCIAL,1
4.6,1360,EXPENSIVE,1,6.4,25.8,SOCIAL,1
4.8,2580,INEXPENSIVE,1,5.3,17.1,SOCIAL,1
4.5,4490,MODERATE,1,4,24.1,SOCIAL,1
4.7,830,EXPENSIVE,1,5.8,30.8,SOCIAL,1
4.3,1510,MODERATE,1,1.7,11.2,SOCIAL,0
4.1,3820,INEXPENSIVE,0,6.5,18.4,SOCIAL,0
4.8,410,EXPENSIVE,0,4.7,21.1,SOCIAL,0
3.9,2160,MODERATE,1,2.5,22.9,SOCIAL,0
4.2,4010,INEXPENSIVE,1,1.6,34,SOCIAL,0
4.8,3090,MODERATE,1,6.7,17.7,RELAX,1
4.6,1400,INEXPENSIVE,1,5.3,15,RELAX,1
4.9,4060,MODERATE,1,7.9,22.1,RELAX,1
4.5,720,INEXPENSIVE,1,4.7,18.8,RELAX,1
4.7,3660,MODERATE,1,5.8,26.6,RELAX,1
4.2,1030,EXPENSIVE,1,2.8,13.7,RELAX,0
4.8,4880,MODERATE,0,6.3,19.8,RELAX,0
4,2450,INEXPENSIVE,1,1.5,29.5,RELAX,0
3.8,1260,MODERATE,1,3.8,24.5,RELAX,0
4.4,4030,EXPENSIVE,1,2.4,17.5,RELAX,0
4.7,2170,INEXPENSIVE,1,4.6,9.4,STUDY,1
4.9,3590,MODERATE,1,6,14.1,STUDY,1
4.3,810,INEXPENSIVE,1,3.3,11.7,STUDY,1
4.6,4380,MODERATE,1,4.9,19.1,STUDY,1
4.5,1170,INEXPENSIVE,1,5.7,21,STUDY,1
4.1,520,EXPENSIVE,1,1.3,8,STUDY,0
4.4,4940,MODERATE,0,5.8,14,STUDY,0
3.8,1410,INEXPENSIVE,1,0.8,18.6,STUDY,0
4.2,860,MODERATE,1,2.4,27.4,STUDY,0
3.9,5000,EXPENSIVE,0,4.8,7.2,STUDY,0
4.9,2310,MODERATE,1,6.8,15,WORK,1
4.6,1160,INEXPENSIVE,1,5.4,13.4,WORK,1
4.8,3820,MODERATE,1,7.6,20.4,WORK,1
4.4,710,INEXPENSIVE,1,4.8,12,WORK,1
4.7,4520,MODERATE,1,5.7,23.6,WORK,1
4.2,910,EXPENSIVE,1,8.3,30.1,WORK,0
4.5,3310,MODERATE,0,6.4,11.6,WORK,0
3.9,1530,INEXPENSIVE,1,2.3,16.7,WORK,0
4.1,2780,MODERATE,1,3.8,27.1,WORK,0
4.8,560,EXPENSIVE,1,1.5,19,WORK,0
4.8,4090,MODERATE,1,5.9,20.1,MEETING,1
4.6,1180,INEXPENSIVE,1,4.7,16.2,MEETING,1
4.9,2920,MODERATE,1,6.6,24.2,MEETING,1
4.5,820,INEXPENSIVE,1,3.9,15.1,MEETING,1
4.7,4320,MODERATE,1,5.3,27.2,MEETING,1
4.3,970,MODERATE,1,2.6,13.3,MEETING,0
4.8,3610,EXPENSIVE,0,5.8,18.5,MEETING,0
4.1,1650,INEXPENSIVE,1,3.5,30.8,MEETING,0
4.4,450,MODERATE,1,1.7,25.1,MEETING,0
3.8,4920,INEXPENSIVE,1,4.4,21.3,MEETING,0
4.7,2270,INEXPENSIVE,1,1.5,6.6,QUICK COFFEE,1
4.3,940,MODERATE,1,2.5,5.8,QUICK COFFEE,1
4.9,4120,INEXPENSIVE,1,0.8,8.6,QUICK COFFEE,1
4.4,650,MODERATE,1,3.7,7.8,QUICK COFFEE,1
4.8,540,EXPENSIVE,1,1,10.8,QUICK COFFEE,1
4.6,2700,MODERATE,0,4.6,4.5,QUICK COFFEE,0
3.8,1240,INEXPENSIVE,1,1.8,16.2,QUICK COFFEE,0
4.2,4520,MODERATE,1,0.7,19.5,QUICK COFFEE,0
4.5,310,EXPENSIVE,1,2.1,14,QUICK COFFEE,0
3.9,1540,INEXPENSIVE,0,3.4,9.2,QUICK COFFEE,0
4.9,3750,MODERATE,1,5.8,21,SOCIAL,1
4.6,1450,EXPENSIVE,1,6.5,26.1,SOCIAL,1
4.8,2710,INEXPENSIVE,1,5.2,17.4,SOCIAL,1
4.5,4610,MODERATE,1,4.1,24.5,SOCIAL,1
4.7,860,EXPENSIVE,1,5.9,31.2,SOCIAL,1
4.3,1580,MODERATE,1,1.8,11.4,SOCIAL,0
4.1,3960,INEXPENSIVE,0,6.2,18.8,SOCIAL,0
4.8,430,EXPENSIVE,0,4.8,21.5,SOCIAL,0
3.9,2290,MODERATE,1,2.6,23.2,SOCIAL,0
4.2,4180,INEXPENSIVE,1,1.5,34.5,SOCIAL,0
4.8,3230,MODERATE,1,6.6,18,RELAX,1
4.6,1480,INEXPENSIVE,1,5.4,15.3,RELAX,1
4.9,4190,MODERATE,1,7.8,22.4,RELAX,1
4.5,750,INEXPENSIVE,1,4.8,19.1,RELAX,1
4.7,3810,MODERATE,1,5.9,27,RELAX,1
4.2,1080,EXPENSIVE,1,2.9,14,RELAX,0
4.8,4970,MODERATE,0,6.4,20.1,RELAX,0
4,2590,INEXPENSIVE,1,1.4,30,RELAX,0
3.8,1330,MODERATE,1,3.7,24.9,RELAX,0
4.4,4160,EXPENSIVE,1,2.5,17.9,RELAX,0